employee_id,first_name,last_name,department,salary,joining_date,age
1,Joshua,Ramos,Operations,65313.8,2024-05-23,42
2,Christina,Clark,IT,58827.32,2021-10-02,46
3,Jonathon,Sullivan,Operations,57427.31,2020-04-30,50
4,Clinton,Aguirre,HR,45352.74,2021-04-04,55
5,Veronica,Weber,Operations,78772.56,2020-10-06,51
6,Louis,Rivera,Finance,30448.72,2020-05-05,41
7,Sabrina,Gonzalez,Marketing,88476.72,2020-10-15,48
8,Jillian,Lewis,Marketing,49895.55,2021-06-08,33
9,Caroline,Kennedy,Finance,88878.64,2024-07-17,47
10,Adam,Sanchez,HR,88331.24,2020-03-23,38
11,Sara,Miller,Marketing,68588.45,2020-07-21,26
12,Hannah,Carrillo,Operations,82047.41,2024-05-13,59
13,Elizabeth,Johnson,IT,83585.45,2023-12-11,27
14,Victor,Lamb,Finance,55038.09,2024-10-29,56
15,Tammy,Collins,HR,39382.83,2021-03-12,52
16,Miranda,Mcmahon,Operations,41564.15,2021-04-20,37
17,Carla,Melton,Finance,41986.9,2024-11-08,28
18,Robert,Sullivan,Finance,72896.95,2024-06-09,46
19,Jessica,Williams,Operations,98452.12,2020-07-02,28
20,Kristina,Rivera,IT,85703.19,2022-12-18,59
21,Jason,Harding,Finance,54100.54,2022-08-31,47
22,Karen,Brown,Marketing,78103.24,2020-02-07,41
23,David,Webster,Marketing,35390.49,2022-06-21,54
24,Margaret,Barry,Marketing,58500.34,2024-11-17,53
25,Monica,Olson,IT,75404.05,2021-01-02,24
26,Eduardo,Smith,IT,96756.21,2021-03-31,42
27,Carrie,Olson,Marketing,72155.31,2021-05-31,23
28,Bradley,Flowers,HR,71647.02,2021-01-20,23
29,Derek,Dunlap,Finance,87172.65,2020-05-04,48
30,Christopher,Wilson,HR,85120.78,2021-04-06,28
31,Kristina,Banks,Operations,91453.39,2021-09-14,36
32,Nancy,Ortiz,HR,37425.94,2023-04-18,35
33,Kristine,Roberts,Finance,64355.51,2022-02-02,59
34,Robert,Duke,Marketing,49302.91,2020-02-04,48
35,Kenneth,Phillips,Finance,51958.01,2021-11-01,40
36,Douglas,Webster,Finance,96160.89,2024-10-11,26
37,Dylan,Warner,IT,57348.57,2022-12-15,31
38,Anthony,Moran,Marketing,61178.71,2022-07-17,33
39,Jessica,Stokes,IT,60328.03,2022-12-24,24
40,Katie,Gordon,HR,77255.03,2021-12-28,37
41,Kathleen,Bailey,Finance,92873.35,2024-11-22,24
42,James,Vaughn,HR,47270.87,2023-11-18,51
43,Jaime,Evans,HR,31594.03,2020-04-21,55
44,Vanessa,Rosario,Marketing,65408.88,2021-04-15,42
45,Dwayne,Kline,HR,55993.32,2023-04-17,31
46,Jeremiah,Silva,HR,34163.36,2021-12-23,46
47,Michelle,Perez,Finance,44352.52,2023-11-29,29
48,Ricardo,Wilson,IT,31024.79,2022-12-27,60
49,Barbara,Gay,IT,87649.9,2021-04-16,53
50,Eugene,Taylor,Finance,35104.03,2023-01-09,38
51,Joshua,Freeman,Finance,35893.46,2023-03-25,59
52,Melissa,Garcia,HR,49094.01,2021-06-20,51
53,David,Flynn,Operations,35475.54,2023-03-09,55
54,Steven,Robinson,HR,41451.52,2022-12-08,25
55,Thomas,Davis,Operations,61914.65,2022-12-08,33
56,Larry,Vargas,Finance,43182.66,2022-09-23,51
57,William,Hodge,Operations,60669.47,2024-05-27,41
58,David,King,Finance,32339.87,2021-10-28,39
59,Fred,Nicholson,HR,59827.76,2020-01-29,52
60,Rickey,Moore,Operations,77195.29,2022-12-30,30
61,Michael,Carlson,HR,37731.53,2020-07-13,36
62,Christy,Martin,IT,38943.3,2020-05-21,28
63,Alexis,Rodriguez,IT,75687.13,2020-10-18,36
64,Susan,Parker,Operations,77946.72,2020-06-19,42
65,Donna,Gibbs,HR,98453.91,2024-09-26,23
66,Stephen,Cox,Finance,57193.92,2023-05-11,34
67,Andrew,Evans,Operations,97693.15,2021-07-27,35
68,Kathleen,Mcintyre,Marketing,41015.44,2022-08-24,46
69,Sheri,Clark,Finance,63724.89,2023-08-07,42
70,Cassandra,Lee,Finance,74820.04,2024-05-05,57
71,Tiffany,Allen,Marketing,69740.45,2020-05-30,29
72,Roberto,Frost,HR,97048.59,2024-10-17,53
73,Robert,Grant,Marketing,91798.22,2024-03-18,32
74,Joshua,Powell,Finance,42744.06,2022-03-16,56
75,Ricardo,Johnson,Finance,58864.0,2023-07-20,31
76,Kyle,Durham,Marketing,51792.55,2023-05-16,31
77,Shawn,Banks,Operations,79243.09,2022-08-28,26
78,Brian,Campbell,Finance,73643.21,2023-07-30,59
79,Michael,Diaz,Marketing,63084.86,2020-07-25,35
80,Aaron,Foster,HR,90474.37,2024-02-09,56
81,Frank,Harper,Operations,89616.97,2024-11-24,60
82,William,Williams,Marketing,72750.58,2022-03-28,59
83,Regina,Cruz,HR,67870.5,2020-07-08,54
84,Brandy,Perry,Marketing,77254.08,2021-10-27,54
85,Betty,Griffin,Finance,99398.29,2024-11-23,55
86,Amy,Williams,IT,37718.75,2022-04-17,58
87,Jacob,Monroe,HR,50172.7,2021-07-04,27
88,Jill,Hall,Finance,78092.13,2022-09-11,53
89,Alexandra,Richmond,Operations,63588.59,2023-01-03,22
90,Tyler,Powers,Operations,64827.2,2024-05-18,22
91,Jonathan,Thompson,HR,62490.56,2020-06-28,53
92,Ashley,Martin,HR,50046.33,2023-12-21,32
93,Carmen,Mccoy,HR,57355.47,2023-11-20,58
94,Joy,Livingston,Marketing,42493.99,2024-04-06,38
95,Catherine,Williamson,Finance,95067.49,2023-01-26,29
96,Patricia,Patrick,Marketing,79539.11,2021-04-22,59
97,Benjamin,Cruz,Operations,98354.94,2024-09-02,59
98,Terry,Gallegos,HR,52962.04,2021-10-13,36
99,Dawn,Byrd,HR,41234.1,2020-04-30,53
100,Carrie,Acevedo,HR,41857.01,2022-01-17,37
101,Ricardo,White,HR,88300.52,2022-10-21,22
102,Emily,Nelson,Finance,68770.78,2022-01-19,45
103,Tanya,Thomas,Finance,67611.84,2021-09-13,29
104,Andrew,Mcgee,HR,85405.07,2020-08-23,59
105,Michael,Fritz,Marketing,64378.1,2021-08-06,35
106,Danielle,Bush,Operations,38389.78,2021-07-25,40
107,David,Craig,Marketing,38181.22,2021-10-22,25
108,Maurice,Crosby,Finance,96784.58,2023-06-04,54
109,Heather,Wood,HR,75964.82,2020-06-28,55
110,Jessica,Lawrence,Operations,83933.68,2022-09-01,27
111,Austin,Nichols,Finance,48184.56,2022-08-26,22
112,Betty,Cardenas,Finance,39584.67,2024-07-20,56
113,Raymond,Roberts,Marketing,66642.13,2022-08-20,60
114,Nancy,Kelley,Marketing,54063.49,2021-12-07,26
115,Stephanie,Brooks,HR,75502.1,2023-10-04,30
116,Olivia,Hughes,Operations,92492.73,2023-08-07,42
117,Alyssa,Rivera,IT,44335.7,2023-11-23,46
118,Stacey,Gonzalez,HR,96035.66,2024-07-01,41
119,Natalie,Mccormick,Operations,84462.16,2021-04-27,51
120,Mary,Smith,IT,44144.75,2020-03-06,22
121,Walter,Villanueva,Marketing,65796.03,2022-09-19,41
122,Elizabeth,Perkins,Operations,88243.31,2021-10-30,26
123,Debbie,Phillips,IT,56673.08,2023-02-18,58
124,Darryl,Evans,Finance,38116.58,2021-07-26,23
125,Marisa,Hines,HR,82784.71,2020-06-18,44
126,Ricky,Jimenez,IT,92445.46,2024-11-27,49
127,Michelle,Underwood,Operations,95090.64,2024-06-24,48
128,Kelly,Riley,IT,95520.11,2020-07-01,32
129,Melanie,Doyle,IT,47098.33,2021-05-09,41
130,Jennifer,Fox,HR,61777.14,2020-08-02,37
131,Natasha,Miranda,Operations,75664.19,2024-05-24,44
132,Jessica,Thomas,IT,69013.19,2020-10-15,32
133,Robert,Johnson,IT,95982.02,2023-07-30,25
134,Samantha,Moore,IT,76487.68,2022-12-17,24
135,Ronald,Terry,Marketing,86004.5,2021-02-06,39
136,Samuel,Benson,Finance,93215.95,2023-09-02,44
137,Paul,Werner,HR,79814.91,2023-05-29,38
138,Thomas,Booker,HR,96685.45,2024-07-18,43
139,Jennifer,Norris,Marketing,78256.39,2022-07-27,54
140,Shawn,Wright,Operations,39532.15,2024-02-28,28
141,Henry,Hampton,Marketing,98629.17,2022-07-31,34
142,Amanda,Bruce,IT,96446.84,2022-10-09,59
143,George,Leach,HR,69553.01,2021-01-28,37
144,Anthony,Nelson,IT,59409.65,2020-07-07,48
145,Mary,Gentry,Finance,59668.66,2024-10-31,41
146,Mia,Harris,Finance,70054.78,2020-04-18,42
147,Laura,Marquez,HR,78043.71,2023-11-07,56
148,Michael,Green,HR,40791.26,2021-02-18,59
149,William,Phillips,Marketing,58037.21,2023-05-13,26
150,Alejandro,Carlson,Finance,31515.61,2023-06-01,22
151,Collin,Meyers,Marketing,92177.09,2022-06-14,23
152,Sarah,Garner,HR,32007.84,2019-12-25,60
153,James,Peterson,HR,48794.48,2021-03-16,49
154,Miranda,Brown,Finance,75145.77,2021-12-08,57
155,Carl,Reed,Marketing,51031.46,2024-10-13,28
156,Kristina,Lozano,IT,66107.93,2020-01-20,55
157,Kimberly,Krause,Marketing,35367.11,2023-03-26,54
158,Michelle,Hicks,Finance,90610.91,2021-06-03,56
159,Sharon,Washington,HR,73190.6,2023-04-04,23
160,Melissa,Cline,Finance,96859.2,2021-11-25,24
161,Raymond,George,IT,53840.04,2020-09-19,60
162,Jermaine,Brown,Finance,77806.3,2022-01-04,24
163,Autumn,Martinez,IT,49900.39,2022-12-11,51
164,Christopher,White,IT,57815.21,2022-08-15,47
165,Terry,Stewart,Operations,87390.22,2020-05-19,30
166,Jeffrey,Parker,IT,86165.43,2024-02-15,38
167,Michael,Morris,Operations,67114.27,2021-03-16,51
168,Angela,Morris,IT,40796.29,2020-11-23,30
169,Samantha,Brown,HR,52076.52,2021-03-30,52
170,Jennifer,Jackson,IT,84774.45,2023-07-17,23
171,Valerie,Booth,HR,58303.11,2023-07-02,58
172,Alicia,Wolf,HR,53398.54,2023-03-27,60
173,Robert,Smith,Finance,55711.11,2021-05-21,24
174,Stephen,Knight,IT,66166.49,2023-09-07,33
175,Willie,Ramos,Marketing,48446.38,2024-06-08,40
176,Maria,Maddox,HR,31936.1,2022-07-26,57
177,Katie,Williams,IT,85924.95,2022-07-24,48
178,Michele,Davis,Operations,64518.81,2020-12-25,44
179,Noah,Jenkins,Finance,63930.92,2021-08-06,32
180,Jamie,Wood,HR,61960.44,2022-10-25,35
181,Kelly,Mejia,IT,67123.69,2023-08-12,56
182,Samantha,Adams,Finance,52614.66,2024-06-09,60
183,Tina,Silva,HR,72459.85,2021-07-10,45
184,Stacey,Schneider,Marketing,59386.27,2023-07-27,49
185,Nancy,Alexander,Operations,31897.11,2021-10-28,31
186,Madison,Davis,HR,63644.58,2024-11-05,57
187,Kristina,Martinez,Marketing,99644.45,2024-05-17,58
188,Eric,Clarke,IT,47090.34,2020-04-22,43
189,Kerry,Roberts,IT,47842.91,2022-11-26,32
190,Jennifer,Hicks,Finance,43961.97,2023-07-23,52
191,David,Johnson,Finance,74405.6,2023-04-06,31
192,Michael,Smith,IT,96986.85,2023-10-30,58
193,Justin,Bartlett,Finance,81295.65,2023-11-01,57
194,Ashley,Castillo,HR,92022.93,2024-11-12,34
195,Frank,Martin,Finance,51198.98,2023-12-16,35
196,Garrett,Hughes,HR,31785.83,2024-06-15,46
197,Jonathan,James,Finance,60562.67,2024-01-04,35
198,Alexandra,Lester,Operations,97142.6,2021-06-16,50
199,Kelly,Mendoza,Finance,99277.04,2020-01-15,42
200,Brandon,Cuevas,Marketing,78097.93,2020-02-04,45
201,Ray,Hall,Operations,46623.79,2022-06-27,53
202,Todd,Jones,Operations,81495.45,2020-05-16,34
203,Bradley,Bean,HR,47389.5,2024-04-22,46
204,David,Stevenson,Marketing,59048.78,2020-10-30,31
205,Tiffany,Rose,HR,42230.53,2022-05-09,54
206,Elizabeth,Maynard,Operations,92737.85,2023-11-11,50
207,Rodney,Curry,HR,91764.93,2021-02-26,26
208,Adrian,Lewis,HR,91344.97,2022-07-27,57
209,Daniel,Waters,Marketing,36835.93,2022-01-10,40
210,Lisa,Williams,HR,60210.51,2023-01-17,26
211,Brian,Mitchell,HR,36112.31,2021-06-08,35
212,Teresa,Howard,HR,69423.75,2022-07-25,44
213,Eric,Smith,Operations,32640.88,2022-07-08,39
214,James,Kennedy,Operations,85152.36,2023-06-01,54
215,Holly,Gonzalez,Marketing,58883.47,2021-06-13,58
216,Matthew,Smith,Marketing,48011.01,2023-04-18,28
217,Jill,Mccarthy,Operations,70908.83,2023-11-07,22
218,Kevin,Rodriguez,IT,38281.78,2023-11-17,27
219,Rebecca,Livingston,Operations,35347.06,2022-06-02,58
220,Katie,Goodwin,IT,47370.88,2021-02-04,26
221,Mary,Dean,Operations,45157.82,2023-06-05,54
222,Julie,Lane,HR,80795.63,2023-11-08,49
223,Todd,Brown,Finance,63927.3,2024-05-27,46
224,Brett,Mcdonald,Finance,54864.48,2022-03-24,36
225,Lonnie,Martin,Finance,43151.65,2022-06-17,59
226,Riley,Lambert,HR,61863.82,2024-10-10,22
227,Marissa,Evans,HR,36170.45,2020-10-28,54
228,Michelle,Taylor,Marketing,90016.84,2022-04-24,41
229,Austin,Barry,Marketing,83931.26,2022-04-18,25
230,James,Padilla,IT,94536.32,2020-03-08,27
231,Robert,Torres,IT,83708.62,2022-12-22,46
232,Ryan,Ellis,Operations,60257.36,2024-10-19,29
233,Lisa,Morgan,Operations,90939.23,2023-05-22,39
234,Jessica,Thompson,HR,46977.72,2024-06-11,24
235,Kristin,Meadows,IT,81983.07,2021-07-27,35
236,Mariah,Dickerson,Finance,76333.55,2020-09-24,36
237,Stacey,Dalton,Marketing,89916.17,2020-08-24,48
238,Tyler,Brown,Marketing,33331.79,2020-05-08,60
239,Taylor,Byrd,Operations,66327.77,2024-05-05,58
240,Patricia,Richardson,Operations,65795.11,2019-12-10,38
241,John,Clark,Marketing,38840.16,2022-01-14,42
242,Maxwell,Goodman,Operations,94485.99,2024-11-22,46
243,Kristopher,Wheeler,HR,77972.85,2023-05-21,56
244,Justin,Lynch,Finance,89298.17,2023-05-02,58
245,Caitlin,Lane,HR,39725.54,2021-05-19,34
246,Michael,Thomas,Marketing,49598.94,2021-12-16,55
247,John,Stevens,HR,44606.03,2021-10-02,29
248,Patrick,Suarez,Operations,59901.89,2021-11-29,55
249,Lisa,Hodges,IT,52268.68,2021-04-21,60
250,Melissa,Webster,HR,34912.03,2022-06-01,40
251,Brian,Wright,Finance,54407.75,2020-01-05,50
252,Melissa,Becker,Operations,55648.63,2023-01-05,29
253,Casey,Cooke,IT,84506.32,2022-08-24,32
254,Colleen,Ward,HR,46930.43,2021-11-02,37
255,Ashley,Williams,HR,82543.43,2020-02-01,38
256,Eric,Miller,IT,84968.51,2020-11-09,23
257,Jonathon,Kelly,HR,65750.3,2021-08-05,32
258,Elizabeth,Gates,Finance,38915.66,2020-07-22,57
259,Jodi,Oneill,HR,55058.86,2021-12-31,33
260,Michael,Taylor,HR,34314.43,2020-09-19,46
261,Alan,Diaz,IT,49346.43,2023-03-18,56
262,Katherine,Moreno,Marketing,55157.9,2024-01-31,23
263,Joseph,Smith,Marketing,67370.96,2021-05-06,47
264,George,Robertson,Marketing,39353.21,2023-10-04,50
265,Adam,Warren,Operations,92649.15,2023-01-07,58
266,Dave,Hammond,Operations,66760.48,2022-03-28,54
267,Jaclyn,Gonzalez,IT,60457.65,2021-07-07,24
268,Tracy,Wood,IT,86638.36,2020-04-12,45
269,Sharon,Sanchez,Operations,94587.07,2024-04-04,50
270,Robert,Clark,Marketing,36501.15,2024-07-19,24
271,Donna,Williamson,Operations,41766.32,2023-01-30,25
272,Tyler,Pratt,Marketing,82003.27,2020-08-27,47
273,Christina,Rodriguez,Finance,57127.82,2022-04-16,60
274,Debbie,Briggs,Marketing,98254.18,2024-01-10,44
275,Danielle,Washington,HR,50853.15,2022-12-13,47
276,Michelle,Miller,Finance,82903.44,2021-06-06,39
277,Jean,Calhoun,Finance,69422.3,2023-03-21,54
278,Kelly,Jensen,Operations,58404.76,2024-07-16,46
279,April,Larsen,Finance,58951.26,2021-02-09,23
280,Jeremy,Ibarra,Marketing,56982.69,2020-10-14,23
281,Tammie,Klein,Finance,62512.86,2021-08-29,53
282,Martin,Heath,IT,49368.61,2024-10-10,38
283,Kim,Hammond,HR,90917.35,2024-07-09,38
284,Michele,Ellis,Finance,41902.63,2021-04-30,60
285,Ashley,Barry,Marketing,47920.41,2023-10-08,25
286,Cynthia,Anderson,HR,79942.93,2021-11-15,50
287,Mark,Brown,Operations,30811.46,2024-10-25,29
288,Erica,Caldwell,HR,75627.38,2020-06-29,25
289,Julie,Fox,HR,98667.7,2021-08-16,46
290,Thomas,Lewis,HR,85008.82,2021-08-26,47
291,John,Fitzpatrick,HR,86338.68,2022-08-09,53
292,Cynthia,Thomas,HR,41969.41,2023-08-26,26
293,April,Lawrence,Marketing,92850.09,2023-01-07,31
294,Matthew,Guerrero,IT,67867.41,2024-07-06,29
295,Karen,Donaldson,HR,46485.81,2022-11-25,43
296,Mary,Kennedy,Marketing,87357.82,2020-09-19,23
297,Tonya,Olson,Finance,71725.78,2020-08-30,34
298,Kelly,Murphy,Operations,61072.6,2021-10-25,37
299,Robert,Weaver,IT,94593.15,2023-08-16,33
300,Matthew,Johnson,Operations,62453.44,2024-06-08,55
301,Nathan,Smith,Operations,70250.42,2020-03-22,26
302,Michael,Hernandez,IT,37367.21,2022-11-20,30
303,Cameron,Harrington,HR,55541.89,2022-04-16,59
304,Wendy,May,IT,86333.77,2021-06-14,56
305,Joseph,Watson,Operations,99160.74,2022-06-27,45
306,Scott,Deleon,Operations,43522.3,2023-06-03,43
307,Amanda,Parker,HR,30501.85,2023-12-09,26
308,Donna,Good,Marketing,51977.48,2020-09-25,24
309,Blake,Farmer,IT,66745.29,2023-04-01,35
310,Mary,Hurst,Operations,59485.71,2024-01-05,35
311,Paul,Jackson,Finance,92567.85,2024-06-15,29
312,Judy,Paul,IT,76786.67,2023-08-13,25
313,Paul,Johnston,Finance,92469.09,2024-08-08,37
314,Ashley,Bryant,Operations,42153.86,2022-05-03,46
315,Heather,Lane,Marketing,82759.74,2023-06-01,45
316,Kimberly,Rodriguez,Finance,45284.74,2023-08-25,55
317,Cody,Carter,Finance,69323.64,2022-07-15,47
318,Gabriella,Ramos,HR,88850.2,2020-09-15,23
319,Frank,Waters,Finance,68040.43,2022-08-26,29
320,Christopher,West,Marketing,58670.96,2022-01-27,31
321,Carly,Smith,HR,43724.71,2020-04-05,35
322,Kristina,Stokes,Finance,41053.55,2022-07-01,49
323,Ricky,Gross,Marketing,51508.56,2024-10-06,22
324,Vanessa,Jackson,HR,69330.56,2022-05-09,59
325,Robert,Cain,Operations,41329.44,2020-03-22,31
326,Kelly,Peck,Operations,93076.69,2024-11-16,39
327,Andrew,Joseph,Marketing,45714.45,2021-03-23,44
328,Eric,Wallace,HR,69255.21,2024-02-01,53
329,Donna,Allen,Finance,92277.56,2021-03-08,49
330,Melissa,Robertson,HR,67912.18,2024-09-24,49
331,Michelle,Lamb,HR,33319.16,2021-10-08,22
332,Donna,Hernandez,IT,80185.43,2020-02-24,45
333,Luis,Simpson,Marketing,90491.25,2021-12-17,36
334,Joseph,Lopez,HR,88812.05,2024-02-14,47
335,Mark,Hernandez,Operations,64112.84,2021-03-11,23
336,Ronald,Allen,Operations,89925.39,2021-06-16,59
337,Michael,Vazquez,Operations,42863.31,2020-09-06,52
338,Autumn,Sparks,IT,56595.67,2022-08-24,33
339,Cassandra,Baxter,Operations,66981.66,2021-05-02,25
340,Clifford,Wells,HR,74324.3,2023-02-28,43
341,Tammy,Erickson,Operations,68097.43,2024-07-01,36
342,Michelle,Ewing,HR,52299.65,2023-10-15,59
343,Katherine,Ortiz,IT,56223.11,2022-12-29,59
344,Carlos,Montgomery,Marketing,39675.15,2022-05-19,41
345,Alice,Waller,HR,62539.1,2022-09-10,27
346,Lori,Mcclure,Marketing,93482.76,2024-08-01,43
347,Patrick,Miller,Finance,69154.14,2020-06-14,40
348,Joshua,Kelley,HR,56431.43,2021-04-11,52
349,Bruce,Smith,Marketing,36226.94,2019-12-10,37
350,Jason,Boone,IT,98618.71,2024-06-29,40
351,Sarah,Miller,HR,71823.84,2023-12-30,29
352,Juan,Sawyer,Marketing,56350.59,2021-03-31,40
353,Sheri,Weber,IT,66018.44,2024-10-26,54
354,Cathy,Rivera,HR,60697.68,2022-07-20,22
355,Daniel,Gonzalez,Operations,92251.56,2020-01-03,24
356,Cynthia,Sexton,HR,33170.78,2020-11-29,33
357,John,Deleon,HR,64204.86,2023-04-05,35
358,Darlene,Moore,Marketing,82538.95,2023-08-26,39
359,Linda,Rivera,Operations,82788.39,2020-06-12,26
360,Roberto,Villarreal,IT,36628.35,2021-01-24,59
361,John,Mason,IT,71581.02,2021-07-28,31
362,Brittany,Suarez,Operations,83211.96,2023-08-17,22
363,Jocelyn,Brown,Finance,37932.82,2020-03-15,59
364,Sheri,Myers,IT,91853.56,2021-11-25,33
365,Nicole,Morales,Operations,76567.72,2023-10-02,41
366,Kimberly,Herring,Operations,76372.96,2023-09-01,26
367,Kayla,Meyer,Finance,50236.92,2022-12-22,28
368,Jennifer,Wilson,Operations,74424.26,2023-11-01,30
369,James,Mcbride,Marketing,88508.89,2024-02-27,42
370,Angela,Johnson,Marketing,90341.03,2023-04-25,27
371,Angel,Porter,HR,96593.95,2021-02-27,39
372,Sabrina,Hendricks,Finance,73909.43,2021-10-07,45
373,Robert,Cruz,Finance,48129.81,2021-07-04,36
374,Chad,Martin,Operations,35613.26,2023-03-31,29
375,Michael,Miller,Marketing,70228.87,2023-05-15,26
376,Kenneth,James,Finance,69447.77,2021-01-15,49
377,Elizabeth,Torres,IT,86194.62,2024-08-24,31
378,Lauren,Koch,Marketing,90433.67,2022-11-27,23
379,Brian,Thomas,IT,89838.52,2022-10-27,43
380,Gina,Guzman,HR,90868.84,2023-01-14,56
381,Melvin,Wallace,Operations,65710.06,2021-08-06,58
382,Steven,Hunt,Operations,61441.19,2021-06-14,55
383,Amanda,Robinson,HR,84871.21,2020-12-09,57
384,David,Nelson,Finance,70172.76,2020-10-14,33
385,Christopher,Miller,IT,44018.89,2023-03-24,34
386,Ashley,Peterson,IT,30102.76,2022-10-18,49
387,Billy,Gibson,IT,35288.85,2023-04-16,58
388,Megan,Dunn,Finance,82434.32,2021-10-27,54
389,Ryan,Sellers,Finance,82652.69,2020-10-02,40
390,Anna,Khan,HR,51371.36,2024-05-08,41
391,Leslie,Gonzalez,Marketing,83864.73,2024-07-28,52
392,Thomas,Harris,IT,38518.89,2024-10-01,53
393,Samantha,Potter,IT,49388.56,2021-06-15,40
394,Penny,Ingram,HR,96482.0,2020-12-12,43
395,Zachary,Snow,Operations,91679.45,2023-05-26,57
396,Anna,Huang,Marketing,46762.12,2020-01-07,35
397,Stephen,Smith,IT,52391.58,2020-11-27,43
398,Holly,Nelson,Marketing,89488.25,2021-10-20,46
399,Karen,Campbell,IT,91227.56,2022-12-24,35
400,Christina,Edwards,Marketing,97886.57,2023-03-24,22
401,Jeffrey,Robertson,Operations,34103.02,2024-01-22,27
402,Jill,Daniel,IT,71817.32,2020-06-20,43
403,Brianna,Morgan,Operations,32507.18,2023-08-06,59
404,Pamela,Johnson,Marketing,89159.6,2021-11-11,35
405,Melissa,Frazier,HR,34023.42,2023-09-30,46
406,Megan,Gomez,Operations,91382.24,2020-12-21,22
407,Ruben,Gregory,Finance,98529.36,2023-08-15,29
408,Melinda,Smith,IT,31775.92,2021-08-24,47
409,Ryan,Johnson,Operations,53167.7,2020-06-24,34
410,Yvonne,Nelson,IT,61106.99,2024-09-04,57
411,Joshua,Aguilar,Finance,90940.26,2021-07-26,52
412,James,Martinez,Operations,91281.87,2023-05-19,41
413,Dennis,Bryant,Operations,40270.25,2021-03-22,41
414,Steven,French,HR,41675.08,2021-03-28,28
415,Felicia,Smith,Operations,57224.92,2020-01-14,59
416,Patricia,Hamilton,Operations,67486.74,2021-09-11,24
417,Meghan,Buck,Finance,87892.03,2023-11-15,55
418,Julie,Bush,Operations,50243.39,2023-04-06,31
419,Heather,Miller,Marketing,54067.42,2020-09-15,40
420,Rhonda,Pierce,Finance,53518.38,2024-06-05,32
421,Amanda,Austin,IT,84262.43,2021-10-06,33
422,Michelle,Hill,Finance,79789.52,2022-11-19,27
423,Gerald,Wright,Marketing,46567.55,2020-09-04,57
424,Thomas,Thompson,Finance,88557.39,2022-02-03,29
425,Bryan,Maddox,Finance,53130.48,2021-07-22,27
426,John,Figueroa,HR,95976.17,2024-10-14,51
427,Lisa,Diaz,IT,87108.54,2023-09-15,22
428,Andrea,Warren,Finance,52099.23,2024-07-16,23
429,Justin,King,Marketing,47529.6,2024-10-11,29
430,Emma,Thomas,Operations,60215.98,2020-09-22,38
431,Mary,Alexander,Finance,43114.04,2022-08-15,55
432,Richard,Williams,Finance,32705.12,2021-04-07,43
433,David,Lynch,Marketing,64280.09,2022-01-21,28
434,Erica,Smith,Operations,87877.83,2022-02-10,42
435,Raymond,Estrada,Finance,52997.19,2020-02-09,36
436,Dustin,Nielsen,IT,60875.98,2021-04-06,32
437,Faith,Green,IT,99494.27,2021-01-03,36
438,Jonathan,Bailey,IT,63530.76,2024-10-21,32
439,Dustin,Mitchell,Operations,36881.34,2022-10-25,56
440,Donald,Smith,IT,92148.35,2024-11-11,40
441,Julie,Hernandez,IT,66634.67,2020-08-30,33
442,Donald,Becker,Finance,50391.45,2020-02-26,33
443,Lindsey,Nelson,Operations,74828.45,2021-11-11,42
444,Abigail,Oconnell,IT,46059.59,2019-12-16,34
445,Christian,Morris,Finance,62664.51,2020-08-18,48
446,Mitchell,Murphy,Finance,85482.29,2020-01-16,44
447,Daniel,Larsen,Finance,47067.39,2021-02-02,58
448,Nancy,Wagner,Operations,51024.97,2024-06-12,53
449,Marc,Johnson,IT,52500.65,2022-06-27,23
450,Julie,Lopez,IT,96601.8,2020-12-08,39
451,Keith,Alvarez,IT,68488.18,2022-02-18,56
452,Becky,Hunter,Marketing,56462.94,2024-04-16,41
453,Tanya,Pope,Finance,95030.98,2021-03-06,51
454,April,Tran,Marketing,91639.47,2023-09-05,33
455,Ryan,Welch,HR,73774.53,2024-04-23,54
456,Derek,Perez,HR,41852.2,2021-07-09,44
457,Lisa,Green,IT,67750.29,2020-10-17,41
458,Laurie,Richard,Finance,88912.33,2020-10-19,51
459,Bruce,Harris,IT,51769.13,2020-03-09,50
460,Joseph,Chavez,Finance,75081.25,2021-01-07,45
461,Donna,Murphy,Finance,36696.71,2024-10-08,34
462,Steven,Perry,HR,72323.29,2021-04-14,48
463,Timothy,Gardner,Finance,77497.58,2020-12-13,41
464,Shaun,Garcia,IT,41268.71,2022-08-19,42
465,Adam,Herrera,IT,77124.97,2024-02-23,41
466,Tonya,Hill,Operations,48064.66,2020-12-21,51
467,Jennifer,Shaw,Operations,84027.62,2020-06-21,58
468,Robert,Payne,IT,69811.18,2023-05-20,50
469,Amy,Ramirez,Operations,76922.5,2020-06-27,53
470,Jillian,Brown,Operations,62012.52,2023-08-04,47
471,Christopher,Baker,Finance,35086.94,2021-02-15,26
472,Rachel,Ray,HR,51650.95,2022-02-15,58
473,Krystal,Fisher,Finance,65847.29,2021-09-29,51
474,Sarah,Moses,IT,64688.27,2023-12-18,24
475,Juan,Diaz,Operations,68121.69,2022-09-29,37
476,Melissa,Copeland,IT,85179.69,2024-02-13,36
477,Megan,Garcia,Finance,87082.57,2020-03-04,53
478,Jessica,Sparks,Marketing,81181.01,2022-10-15,29
479,Kimberly,Williams,HR,99774.95,2024-01-23,57
480,John,Morris,IT,38112.58,2024-10-26,59
481,Jamie,Kelly,HR,57830.85,2024-01-05,29
482,David,Owens,Operations,91946.47,2023-10-15,41
483,Megan,Long,Operations,70813.55,2022-09-21,39
484,Jack,Valencia,HR,73865.98,2021-07-08,38
485,Michael,Mcdaniel,Operations,99530.75,2021-11-21,49
486,Maria,Barker,HR,81398.29,2024-09-18,49
487,Evelyn,Wright,Marketing,85107.82,2023-08-13,31
488,Derek,Hughes,IT,90247.4,2021-02-25,53
489,Angelica,Ward,IT,47227.88,2021-10-07,59
490,Victoria,Porter,IT,86330.52,2022-07-31,49
491,Gerald,Day,IT,98663.22,2020-04-28,57
492,Elijah,Best,Marketing,88831.19,2024-07-27,42
493,Joseph,Ibarra,Marketing,99953.4,2023-07-19,47
494,Gregory,Mason,Finance,31196.33,2024-01-04,60
495,Tyler,Robertson,IT,66930.61,2021-05-20,50
496,Samantha,Bailey,HR,51283.71,2021-10-15,52
497,Paige,Castillo,IT,84268.93,2024-04-25,38
498,Amanda,Powers,IT,70047.52,2024-02-25,32
499,Sonya,Wilson,Marketing,30145.3,2020-01-11,29
500,Catherine,Park,HR,52951.79,2022-03-11,41
501,Catherine,Martinez,Finance,68442.71,2024-08-16,59
502,Lawrence,Preston,HR,84044.46,2024-09-09,39
503,Tara,Robinson,HR,30792.28,2020-03-10,49
504,Carol,Hernandez,IT,70033.34,2020-03-10,50
505,Jasmine,Bishop,Operations,74589.67,2022-02-08,59
506,Anna,Wells,IT,46957.97,2022-07-08,31
507,Jennifer,Spears,IT,46705.82,2022-05-09,42
508,Billy,Baxter,Operations,45086.68,2021-09-03,59
509,Sara,Thomas,Marketing,45060.57,2024-01-13,52
510,Stephanie,Baxter,Operations,37941.67,2022-02-22,51
511,Kristina,Mckinney,HR,44169.9,2022-10-15,57
512,Hannah,Martin,Marketing,63376.81,2021-04-16,28
513,Rebecca,Osborne,HR,86670.89,2022-06-12,35
514,George,Cruz,Marketing,82612.73,2020-09-03,28
515,Christine,Alvarez,Operations,65622.5,2023-03-23,22
516,Heather,Mills,Finance,84551.53,2020-12-03,44
517,Angela,Gibson,HR,89505.61,2021-02-01,26
518,Laurie,Gallegos,IT,39792.4,2020-02-24,55
519,Lisa,Cantu,Operations,45061.68,2023-08-02,39
520,Debra,Reilly,Marketing,70260.17,2022-07-16,43
521,Brian,Strickland,IT,83685.71,2020-06-17,34
522,Heather,Hatfield,Marketing,62944.35,2023-07-28,31
523,Brian,Taylor,HR,95721.03,2023-06-07,22
524,Sheena,Wright,Finance,30338.25,2023-10-04,32
525,Reginald,Edwards,Operations,58072.08,2022-04-09,31
526,George,Harrington,Operations,37468.33,2021-08-25,39
527,Dustin,Bright,Marketing,38236.79,2024-06-12,44
528,Derek,Mcdaniel,Finance,53428.77,2022-04-17,25
529,Danny,Beck,Marketing,96881.22,2023-05-18,27
530,Kevin,Smith,Operations,76204.5,2023-09-02,51
531,David,Washington,IT,96016.86,2021-08-29,56
532,Courtney,Lawson,Finance,80647.04,2019-12-07,25
533,Aaron,Kelly,IT,65332.97,2024-11-12,57
534,Jacob,Lewis,Finance,30214.96,2023-01-09,33
535,Gina,Walton,IT,91418.92,2021-07-06,29
536,James,Griffin,Finance,65101.12,2022-05-09,34
537,John,Palmer,IT,98697.55,2020-05-24,34
538,Teresa,Lee,Finance,99901.22,2024-06-24,25
539,Kenneth,Johnson,HR,56104.19,2023-08-30,34
540,Heather,Allen,Operations,73967.56,2024-04-17,47
541,Molly,Wagner,Marketing,55119.72,2020-01-26,46
542,Isabella,Rogers,Marketing,35914.46,2019-12-25,52
543,Alex,Harris,IT,48140.31,2022-10-06,57
544,Joshua,Henderson,Marketing,89917.06,2021-06-09,55
545,Melody,Brown,Marketing,58562.86,2023-12-18,36
546,Luis,Turner,Operations,62586.18,2024-05-05,52
547,Crystal,Rodriguez,Marketing,65073.84,2024-01-20,24
548,Hunter,Jacobs,Marketing,50996.83,2021-10-01,57
549,Lisa,Riddle,Operations,63688.29,2024-09-06,28
550,Christine,Murphy,Finance,74669.79,2021-03-31,45
551,Courtney,White,HR,65017.28,2020-09-10,60
552,Christine,Brown,HR,75378.68,2021-07-15,46
553,Sandra,Jackson,Marketing,34414.64,2021-10-04,59
554,Mary,Roberts,IT,77312.7,2020-05-21,38
555,Sharon,Flores,IT,78550.15,2023-11-17,47
556,Elijah,Logan,Finance,90439.19,2024-07-15,23
557,Jessica,Lucas,Marketing,34301.96,2024-11-08,59
558,Tina,Carroll,Marketing,55741.23,2024-05-10,53
559,Kelli,Rivera,Marketing,58286.42,2021-01-11,34
560,Larry,Fry,Operations,74237.32,2022-09-22,54
561,Jason,Green,IT,47370.04,2022-10-20,58
562,Terri,Snyder,HR,62258.56,2024-02-22,27
563,Michelle,Burton,IT,48654.97,2022-09-25,28
564,Colton,Jones,Marketing,71534.86,2021-11-09,46
565,Sheila,Hood,Marketing,80821.37,2024-01-15,42
566,Jesus,Fletcher,Finance,39367.09,2021-06-19,41
567,Adam,Kirby,Operations,59382.16,2021-12-24,55
568,Kyle,Martin,HR,74321.0,2021-11-08,44
569,Maureen,Travis,HR,62790.59,2023-05-24,29
570,Mackenzie,Patel,Marketing,84535.01,2024-11-09,39
571,John,Sims,Operations,58879.99,2021-11-10,40
572,Taylor,Singh,Finance,74306.94,2024-07-04,31
573,Jacqueline,Ferguson,HR,31534.88,2020-06-04,35
574,Erin,Glass,Operations,69641.4,2020-06-27,35
575,Brooke,Taylor,Operations,50789.06,2020-02-12,50
576,Joshua,Jenkins,Finance,83882.18,2021-02-28,39
577,Dennis,Olsen,HR,47496.19,2020-12-17,41
578,Charles,Shepard,Finance,99176.2,2022-06-07,43
579,Kristen,Allen,Operations,79083.68,2024-04-02,59
580,Emily,Morris,Marketing,89566.33,2023-04-12,28
581,Heather,Roberts,Finance,67202.96,2024-06-04,23
582,Tyler,Scott,IT,77705.97,2022-04-28,54
583,Allen,Fowler,Operations,42055.46,2024-05-20,51
584,Diane,Grant,Marketing,81973.09,2022-11-21,47
585,Patrick,Parks,Finance,99113.63,2024-09-03,22
586,Jessica,Brewer,Operations,66854.89,2024-02-01,48
587,Juan,Cunningham,HR,46501.32,2021-08-14,34
588,Kayla,Ferrell,Finance,55658.83,2022-10-14,41
589,Lindsey,Meza,IT,54482.46,2020-05-22,28
590,Robert,Garcia,Finance,74270.65,2023-11-20,44
591,Lauren,Massey,Operations,73844.21,2023-05-08,57
592,Karen,Reyes,HR,49640.03,2022-02-10,28
593,Norma,Harris,IT,76404.92,2021-11-12,36
594,Michele,Estes,Marketing,39327.27,2021-05-14,47
595,Aaron,Ortiz,IT,82902.59,2022-08-03,50
596,Tom,Price,HR,72849.22,2021-02-20,54
597,Monica,West,HR,46845.21,2024-11-24,36
598,Jenna,Rice,IT,87815.96,2022-09-18,58
599,Edward,Williams,Operations,93870.71,2024-03-11,28
600,Edward,Williams,Operations,79559.77,2021-03-09,32
601,Andrew,Mata,Marketing,63296.82,2023-08-30,38
602,Juan,Butler,HR,47211.99,2020-03-07,42
603,David,Williams,Operations,84895.62,2020-11-22,27
604,Benjamin,Floyd,IT,62232.01,2022-12-14,27
605,Jennifer,Sanchez,Finance,89966.98,2023-05-05,49
606,Michael,Kennedy,IT,50105.46,2021-10-11,58
607,Ryan,Davidson,HR,78986.38,2022-05-07,38
608,Cassandra,Salinas,HR,44327.26,2022-06-22,59
609,Tim,Carroll,Marketing,53296.38,2020-02-14,36
610,Kimberly,Williams,IT,52193.81,2021-04-09,39
611,George,Long,Finance,51830.12,2021-07-15,37
612,Frances,Blair,Finance,50446.03,2021-12-23,50
613,Matthew,Bishop,Operations,64506.72,2023-11-11,47
614,Mackenzie,Chen,IT,78728.97,2020-12-21,60
615,David,Ryan,Marketing,42375.02,2023-01-12,37
616,Steven,Ramirez,Operations,81840.67,2022-02-26,39
617,Benjamin,Peters,Marketing,47999.53,2022-10-02,28
618,Michael,Davis,Operations,47246.41,2021-02-27,30
619,Robin,Bailey,Finance,62279.18,2022-11-28,22
620,Thomas,Day,HR,64166.2,2021-07-22,52
621,Jennifer,Anderson,Finance,65488.9,2023-05-11,42
622,Hunter,Burch,Operations,59321.22,2022-03-18,45
623,Andrew,Riley,IT,44245.78,2022-07-29,53
624,Colin,Ward,HR,81914.12,2022-01-06,31
625,Thomas,Hamilton,HR,38995.73,2022-09-23,25
626,Cody,Watson,Marketing,61109.2,2020-02-28,36
627,Charles,Cook,IT,64615.28,2022-06-16,58
628,Megan,Knight,Operations,68093.44,2024-04-17,59
629,Kenneth,Chan,IT,94957.2,2023-05-12,54
630,Stephen,Hoffman,Operations,39907.03,2023-04-22,48
631,Nicole,Howard,IT,39582.58,2021-11-07,41
632,April,Davis,Marketing,55585.77,2023-05-07,34
633,Brian,Parker,IT,35971.48,2022-05-01,59
634,Mary,Bennett,Operations,52426.82,2022-10-31,33
635,Martin,Day,Finance,63082.97,2022-12-06,45
636,Monica,Ballard,IT,86677.65,2022-09-20,29
637,Brandon,May,Marketing,82492.74,2020-07-10,58
638,Valerie,Arnold,Operations,43962.85,2020-10-12,22
639,Matthew,Mcdonald,IT,97416.22,2022-09-02,46
640,Wesley,Adams,HR,77005.51,2021-10-30,47
641,Edward,Smith,Finance,36400.78,2020-11-28,48
642,Sean,Mcdaniel,Operations,58413.05,2021-08-27,54
643,Robert,Thomas,IT,58460.91,2020-01-12,46
644,Rachel,Butler,Marketing,87780.78,2020-02-09,38
645,Lance,Rodriguez,Marketing,71754.65,2019-12-28,54
646,Amanda,Crawford,IT,62456.28,2024-09-28,59
647,Alexander,Simmons,Marketing,64771.12,2022-10-08,29
648,Lindsay,Marsh,Finance,85599.02,2022-01-04,38
649,Nicholas,Mcdonald,IT,45980.69,2021-05-24,42
650,Hayley,Jones,Marketing,54231.8,2021-03-11,26
651,Ryan,Lee,HR,31073.86,2020-09-02,60
652,David,Moss,Operations,64774.48,2023-12-12,54
653,Ryan,Smith,Operations,30118.59,2022-03-20,25
654,Jeremy,Fox,Finance,47327.58,2021-03-10,60
655,Tiffany,Ward,Marketing,63307.83,2023-11-25,57
656,Jillian,Perez,HR,48982.56,2022-07-26,51
657,Kristi,Ramirez,IT,71174.64,2020-06-22,26
658,Lisa,Odonnell,Finance,77699.82,2020-04-30,48
659,Kim,Clark,HR,90037.51,2022-04-19,53
660,Anthony,Kirby,IT,58580.65,2023-07-22,32
661,Brenda,Joseph,IT,98506.28,2023-02-12,46
662,Darlene,Hill,IT,37675.6,2020-06-01,24
663,Stacy,Smith,IT,64429.43,2023-04-13,24
664,Christopher,Ware,HR,94529.08,2021-04-19,46
665,Juan,Norton,IT,94725.44,2022-05-24,51
666,Tracy,Brooks,Finance,81753.81,2021-03-13,46
667,Donna,Thompson,Operations,95875.92,2024-08-07,36
668,Amy,Lawrence,Marketing,88468.66,2022-06-20,48
669,Daniel,Griffin,HR,91732.52,2023-01-20,25
670,Stacy,Schmidt,Marketing,98117.36,2023-01-13,48
671,Bradley,Hart,Operations,87771.0,2024-07-05,55
672,Joseph,Stanley,Operations,44484.92,2020-11-24,28
673,Jonathan,Fernandez,Operations,68122.58,2020-02-02,36
674,Victoria,Mosley,IT,92988.26,2024-04-14,29
675,Kelly,Carson,Operations,44725.53,2020-07-29,32
676,Matthew,Kelly,Marketing,83457.39,2024-05-24,32
677,Cory,Richard,HR,36959.54,2023-05-12,45
678,Dennis,Scott,Operations,38572.54,2020-07-03,33
679,Brandon,Higgins,HR,84931.69,2021-09-16,28
680,Julie,Rivers,Marketing,93011.58,2021-07-29,52
681,Javier,Ingram,HR,76310.64,2022-08-01,28
682,Mary,Rivera,Marketing,78199.3,2022-05-12,58
683,Aaron,Vega,Marketing,60504.18,2020-11-22,51
684,Nicole,Bates,Marketing,87419.13,2021-10-12,28
685,Daniel,Cooper,Marketing,37404.35,2023-06-09,35
686,Kelli,Jenkins,Operations,75346.53,2024-05-28,32
687,Laurie,Martinez,Marketing,73302.56,2020-08-24,37
688,Dawn,Cooke,Finance,87856.53,2021-11-18,27
689,Judy,Bolton,Operations,56434.83,2023-08-21,53
690,Daniel,Ramos,Marketing,78834.59,2021-03-27,22
691,Corey,Barton,IT,99969.69,2022-07-17,52
692,Olivia,Johnson,Operations,39895.64,2022-03-04,39
693,Jeffrey,Morgan,IT,43345.13,2020-05-25,34
694,Kimberly,Myers,Marketing,38732.13,2023-11-25,24
695,April,Matthews,Marketing,56676.22,2020-07-24,28
696,Kevin,Bishop,HR,52851.62,2023-12-12,54
697,Roberta,Cooper,Marketing,40646.03,2024-11-16,45
698,Eric,Cunningham,IT,79158.38,2024-10-31,47
699,Joshua,Salas,HR,80795.26,2021-10-22,31
700,Jeffrey,Lewis,HR,84782.51,2023-06-29,52
701,Angela,Murphy,Marketing,69066.09,2021-11-25,27
702,Daniel,Oconnor,IT,75259.22,2020-08-15,44
703,Connor,Lucas,Finance,73622.5,2024-01-07,53
704,Tyler,Thompson,IT,94686.42,2023-09-21,32
705,Joyce,Odom,Finance,85967.68,2024-04-24,24
706,Pamela,Smith,HR,79761.48,2023-02-13,49
707,Brian,Swanson,Finance,63079.08,2023-01-31,38
708,John,Bennett,HR,81386.6,2024-03-13,33
709,Eric,Bennett,IT,87258.95,2020-07-05,31
710,Andre,Miller,Operations,58595.76,2020-09-07,27
711,Adam,Ramsey,Marketing,55092.39,2021-09-15,51
712,Abigail,Garrett,Marketing,59596.29,2022-05-18,39
713,Ana,Shields,Finance,41767.13,2020-10-21,42
714,Jonathan,Lowe,Marketing,88143.03,2020-01-20,25
715,Morgan,Wilson,HR,54129.54,2022-01-19,34
716,Jesus,Luna,Operations,61862.8,2023-08-14,51
717,Timothy,Trujillo,IT,89841.64,2023-12-24,46
718,Daniel,Sharp,Operations,69636.3,2021-04-25,59
719,Melinda,Davidson,IT,82194.64,2022-11-27,37
720,Paul,Petty,Finance,79137.8,2024-10-15,53
721,Christopher,Brown,IT,92549.18,2023-11-11,39
722,Brian,Ramirez,HR,32398.69,2024-04-15,26
723,Kathryn,Thomas,Finance,60260.61,2022-05-12,37
724,Amy,Mcgee,Finance,59059.45,2021-05-03,29
725,Shannon,Goodman,IT,84410.58,2022-12-24,29
726,Angela,Mckinney,Finance,52970.93,2023-04-14,38
727,Connie,Luna,HR,64556.0,2024-08-24,24
728,Arthur,Lopez,IT,63982.23,2023-11-25,52
729,Susan,Sherman,HR,71296.04,2023-08-29,47
730,Mark,Davis,Operations,64203.03,2024-04-23,46
731,Derrick,Rodriguez,HR,45737.44,2024-11-16,55
732,Carl,Smith,IT,44229.15,2021-11-01,60
733,Meredith,Nelson,Finance,38683.07,2024-11-11,41
734,Kevin,Noble,Operations,73611.63,2020-12-07,31
735,Adrian,Schmidt,HR,60648.05,2022-01-18,38
736,Linda,Knox,HR,38242.09,2023-11-13,31
737,Craig,Kaufman,Finance,36781.49,2023-04-29,57
738,Michele,Doyle,IT,70852.1,2023-10-30,31
739,Julie,Burke,IT,92467.83,2022-11-06,35
740,Randall,Garcia,HR,67728.42,2023-04-19,34
741,Nathan,Hess,Operations,56926.81,2022-07-14,57
742,Patricia,Kirk,IT,40540.07,2019-12-29,43
743,Luke,Lawrence,IT,41702.77,2022-07-27,49
744,Brian,Mcclure,IT,76542.09,2020-12-05,50
745,Carrie,Brooks,Operations,39718.65,2024-02-07,28
746,Brittany,Warren,IT,95509.49,2022-12-07,54
747,Chase,Harris,HR,38838.34,2022-10-27,42
748,Laura,Baker,Marketing,62128.48,2021-11-16,27
749,Travis,Williams,IT,37122.94,2023-09-13,50
750,Elizabeth,Perry,IT,64384.67,2024-07-11,36
751,Christopher,Rodriguez,Finance,83571.55,2022-05-10,39
752,Jon,Rogers,Operations,63194.09,2020-07-02,50
753,Lisa,Garcia,HR,83345.27,2021-02-09,41
754,Daniel,Parks,HR,44927.18,2020-05-17,57
755,Rose,Curtis,Marketing,66135.47,2022-12-16,40
756,Jacob,Lopez,Finance,39413.98,2020-04-03,23
757,Jimmy,Gibson,Operations,90850.73,2024-03-27,42
758,Susan,Williams,Marketing,48365.88,2022-02-09,28
759,Daniel,Myers,Operations,40077.35,2024-04-14,57
760,Laura,Lopez,Marketing,63664.92,2019-12-20,38
761,Danny,Lin,Operations,73773.58,2022-09-17,54
762,Daniel,Bailey,Marketing,86601.18,2024-10-27,36
763,Christopher,Clarke,Operations,96631.59,2024-05-17,48
764,Emily,Mueller,Finance,31557.69,2024-10-31,26
765,Nathan,Fitzgerald,Operations,82885.91,2021-07-26,46
766,Jesse,Snyder,Finance,76959.56,2021-01-14,29
767,Karen,Garcia,Marketing,54060.66,2024-07-20,29
768,Edward,Flores,IT,76601.14,2022-07-24,43
769,Michelle,Singh,IT,78684.07,2022-02-20,38
770,Michael,Goodwin,Marketing,80961.56,2023-04-10,58
771,Adam,Horton,IT,72441.89,2022-04-05,22
772,Charles,Bass,Finance,81964.0,2022-11-04,25
773,Ricardo,Young,HR,92354.5,2020-09-18,34
774,Sharon,Cummings,HR,65472.46,2024-04-03,44
775,Jennifer,Davenport,HR,72728.64,2021-11-06,44
776,David,Carroll,Finance,64242.48,2024-05-30,43
777,Lisa,Thompson,Marketing,35621.71,2022-09-15,26
778,Kristin,Ramirez,HR,39972.32,2022-02-14,54
779,Kimberly,Myers,Operations,57472.6,2020-02-11,30
780,Dan,Thompson,Operations,64379.07,2024-05-08,37
781,William,Miller,HR,58016.84,2023-03-13,23
782,Antonio,Schultz,Marketing,95804.28,2022-02-28,32
783,Blake,Blankenship,Marketing,93881.72,2021-07-04,29
784,Bridget,Golden,Marketing,53690.94,2021-07-01,28
785,Jeffrey,Willis,HR,96006.22,2020-07-18,22
786,Patricia,Boyd,Operations,36452.01,2024-09-20,58
787,James,Farley,Finance,58887.73,2023-01-29,51
788,Peggy,Martin,IT,51377.83,2021-09-12,33
789,Alexander,Rose,IT,87962.04,2020-10-03,50
790,Jade,Wilson,IT,87170.29,2020-07-16,47
791,Justin,Hamilton,Finance,53375.31,2020-04-18,28
792,Amanda,Ramirez,HR,90385.44,2022-01-13,48
793,Laura,Cunningham,Operations,76845.17,2022-03-26,42
794,Brittany,Wong,Operations,48036.71,2023-05-02,56
795,Mason,Rodriguez,Marketing,83383.19,2021-02-10,40
796,Jonathan,Ross,IT,69020.7,2024-07-08,27
797,Scott,Nelson,HR,94982.49,2020-08-14,41
798,Melissa,Townsend,IT,99618.31,2022-07-21,51
799,Tammy,Kirby,IT,85980.83,2020-09-09,51
800,Micheal,Diaz,Finance,58079.49,2021-11-09,51
801,David,Herring,Finance,86153.12,2021-09-27,53
802,Jean,Henderson,Finance,96934.22,2023-06-07,26
803,Joseph,Tate,Finance,39392.15,2022-08-19,52
804,George,Jimenez,Finance,71891.28,2021-09-09,39
805,Charles,Lang,HR,53047.8,2022-01-29,31
806,Lindsey,Payne,Operations,63803.69,2023-08-06,48
807,Mary,Leon,HR,57259.74,2023-04-22,28
808,John,Austin,Finance,30228.7,2024-08-24,39
809,David,Vasquez,HR,46619.94,2022-02-18,40
810,Jose,Sanchez,HR,41287.18,2024-02-18,50
811,Austin,Cook,Marketing,72695.76,2021-01-31,33
812,Sheri,Harris,Marketing,56796.66,2022-03-17,39
813,Jennifer,Barajas,Finance,38449.16,2024-02-29,27
814,Courtney,Holden,Marketing,45974.65,2021-08-25,58
815,James,Hernandez,HR,42210.53,2021-10-12,48
816,Jennifer,Ward,IT,81092.01,2024-03-03,48
817,Brittney,West,IT,67267.15,2021-04-07,44
818,Carrie,Ward,Marketing,65427.99,2023-06-09,31
819,Regina,Peck,Finance,65062.84,2022-06-15,47
820,Andrea,Graham,Operations,59984.74,2024-09-26,50
821,Dana,Perkins,Operations,64676.64,2021-07-27,24
822,Richard,Horn,HR,89155.87,2021-06-04,40
823,Andres,Banks,IT,41122.2,2020-03-07,59
824,Bobby,Silva,Finance,61326.23,2023-01-12,37
825,William,George,Operations,45158.58,2022-02-28,29
826,Jessica,Smith,Operations,36320.6,2023-12-14,46
827,Nicholas,Perez,Marketing,82514.24,2022-01-23,28
828,Sharon,Murphy,Finance,46047.71,2024-04-25,38
829,Anthony,Klein,IT,53638.72,2020-12-19,54
830,Robert,Diaz,HR,67344.35,2020-01-26,56
831,Lawrence,Hill,Marketing,89625.68,2024-06-27,22
832,Melissa,Walker,HR,31631.32,2021-03-11,22
833,William,Carr,Finance,33178.65,2022-01-01,26
834,Tyler,Dixon,Finance,69899.18,2021-06-08,40
835,Gregory,Stevens,IT,58465.47,2023-11-13,41
836,Mario,Craig,Finance,87099.39,2020-04-18,43
837,Laura,Smith,IT,38754.96,2021-05-19,31
838,Robin,Morgan,HR,72009.97,2024-11-20,57
839,Kim,Davis,Finance,56156.69,2024-03-07,41
840,Jenna,Jackson,Marketing,53038.67,2023-05-19,54
841,Taylor,Smith,Marketing,78555.46,2023-09-21,41
842,Kaylee,Lewis,Finance,73148.02,2024-02-22,39
843,Austin,Hall,HR,45702.75,2022-06-03,27
844,James,Bush,HR,65927.77,2020-12-27,24
845,Justin,Reynolds,Finance,41118.33,2020-12-11,55
846,Jill,Jones,HR,80168.48,2021-08-15,59
847,Michelle,Jenkins,Marketing,70584.74,2022-06-30,53
848,Nicholas,Kelley,Finance,74110.04,2020-02-04,54
849,Barbara,Morgan,Operations,96435.2,2023-03-23,57
850,Jeffrey,Ellison,Marketing,85272.92,2022-03-08,25
851,Jennifer,Pope,Finance,33955.54,2023-06-08,43
852,Patrick,Martin,IT,84448.52,2020-07-28,42
853,Hunter,Brooks,Marketing,31323.11,2024-07-15,38
854,Brian,Smith,Marketing,80679.51,2022-12-05,31
855,Stephanie,Hickman,IT,52316.84,2020-03-20,23
856,Richard,Welch,HR,48895.69,2020-09-29,59
857,Richard,Williams,IT,97692.47,2023-09-28,29
858,Heather,Ortiz,Operations,60848.71,2020-01-16,22
859,Cassandra,Johnson,Finance,87413.58,2023-11-30,47
860,Jeffrey,Hunt,Operations,44886.02,2022-12-27,55
861,Lauren,Hall,IT,38230.31,2020-12-12,35
862,Renee,Neal,IT,59280.96,2021-01-28,48
863,Christopher,Mcdonald,HR,36486.5,2023-02-24,53
864,Anthony,Howard,Operations,41560.78,2022-05-10,34
865,Danielle,Ritter,HR,73506.47,2021-12-06,36
866,John,Griffith,HR,40103.49,2024-09-06,57
867,Robert,Scott,IT,50483.22,2024-09-07,24
868,Richard,Garcia,HR,33263.94,2020-09-05,42
869,Edward,Adams,HR,61869.98,2023-05-20,37
870,Victoria,Brown,Finance,93150.32,2023-12-17,57
871,Makayla,Duncan,HR,83637.49,2024-10-06,47
872,Shawn,Mccall,Marketing,31612.28,2023-03-15,38
873,Anne,Andrade,Marketing,59539.34,2024-04-08,38
874,Bradley,Randall,IT,37186.49,2020-09-02,48
875,Jessica,Parsons,Marketing,97111.36,2021-08-28,59
876,Elizabeth,Moore,HR,83301.85,2020-01-27,24
877,Bobby,Wright,HR,38653.22,2022-02-11,30
878,Kimberly,Anderson,Finance,61449.16,2024-05-30,40
879,Matthew,Perez,Marketing,62012.81,2020-12-27,41
880,Robert,Hernandez,HR,36200.2,2023-04-11,25
881,Caleb,Coleman,HR,67917.74,2022-07-25,39
882,Jennifer,Dawson,Marketing,52692.5,2020-08-21,46
883,Karen,Freeman,Marketing,67350.59,2023-08-01,27
884,Erica,Johnson,Finance,40659.92,2023-05-14,29
885,Sharon,Allen,IT,94187.11,2020-06-09,55
886,Martha,Boone,Marketing,95270.85,2023-07-29,24
887,Holly,Brown,HR,36542.12,2023-03-02,28
888,Jason,Jackson,Finance,43270.35,2020-08-14,36
889,Darryl,Perez,Marketing,53632.67,2024-10-28,37
890,Alexandria,Ward,Marketing,85773.99,2020-03-01,42
891,Melanie,Mcdonald,Finance,68448.61,2024-02-11,58
892,Jackie,Brown,Operations,97362.56,2021-05-14,38
893,Diane,Collins,Operations,62058.9,2020-06-05,30
894,Aaron,Franklin,IT,93687.2,2020-01-14,45
895,Julia,Williams,Marketing,51382.13,2023-01-03,39
896,Victoria,Harris,Finance,42756.25,2024-03-12,60
897,Meghan,Ponce,Marketing,92191.88,2024-03-16,49
898,Michelle,Jones,Operations,91463.49,2021-09-25,22
899,Anthony,Wilson,Marketing,32848.52,2021-05-07,33
900,Christina,Christensen,Finance,88365.73,2024-02-29,23
901,Carl,Saunders,IT,92189.87,2024-08-07,44
902,Randy,Price,Finance,74474.62,2020-04-25,25
903,Daniel,Harris,Operations,50721.25,2020-11-19,35
904,Dylan,Gutierrez,IT,54211.39,2022-12-29,58
905,Nancy,Maldonado,Marketing,45823.63,2020-04-16,57
906,Sara,Oliver,Finance,49770.04,2020-09-20,43
907,Jeremy,Garcia,HR,83593.79,2023-10-02,30
908,Tanya,Greer,IT,82754.13,2021-02-16,52
909,Linda,Brown,Finance,62923.37,2022-11-22,32
910,Amber,Cain,Operations,32102.33,2023-01-27,31
911,Matthew,Peterson,Marketing,58309.2,2021-10-22,33
912,Joseph,Wilson,IT,76498.75,2021-01-20,28
913,Amy,Espinoza,Marketing,51103.96,2023-09-11,57
914,Sarah,Gonzalez,HR,88251.44,2022-10-26,34
915,Jason,Sherman,Marketing,34222.6,2023-10-10,43
916,Alexander,Holmes,IT,69887.63,2024-03-25,28
917,Cathy,Kelley,Marketing,38872.09,2022-07-31,57
918,Jason,Snyder,Operations,97239.73,2022-03-07,56
919,Brian,Wallace,Finance,88396.53,2021-07-14,38
920,Angel,Zavala,Finance,55551.65,2023-02-02,27
921,Morgan,Johnson,Finance,62547.88,2021-07-01,35
922,Elizabeth,Hughes,IT,33568.81,2020-03-28,59
923,Katelyn,Gray,Marketing,50772.67,2023-10-31,50
924,James,Wilson,Marketing,91535.3,2023-06-28,57
925,Alicia,Thomas,Marketing,93462.31,2022-11-29,48
926,Nathan,Williams,Marketing,52445.13,2021-02-22,60
927,Tommy,Bernard,Operations,58384.65,2021-09-05,57
928,Kaitlyn,Clarke,Finance,72249.16,2021-11-09,24
929,Rachel,Becker,IT,35834.57,2021-06-04,44
930,David,Jimenez,Finance,66467.1,2020-03-29,36
931,Tiffany,Spence,Operations,76371.94,2021-05-15,39
932,Glen,Barron,Operations,43998.01,2021-06-01,38
933,Roberto,Jones,Finance,66070.35,2022-03-05,49
934,Joseph,Merritt,Marketing,82668.3,2021-04-10,35
935,Nicholas,Chavez,Marketing,49851.17,2021-09-08,44
936,Dean,Gonzalez,IT,30406.74,2019-12-22,25
937,Kylie,Cummings,HR,32406.3,2020-07-29,52
938,Matthew,Daugherty,Operations,35081.48,2020-03-01,36
939,Jeremy,Kirby,Operations,32632.1,2024-07-13,54
940,Patricia,Ferguson,Finance,60963.99,2020-06-28,33
941,Michelle,Bartlett,Finance,90761.51,2024-09-08,54
942,Rose,Jones,Operations,64451.77,2024-11-26,36
943,Jennifer,Stein,IT,76122.86,2022-03-11,39
944,David,Hines,Operations,35092.03,2024-10-14,56
945,Sarah,Chapman,IT,38301.3,2020-03-02,25
946,Jamie,Williams,IT,85240.21,2020-04-24,28
947,Kathleen,Martinez,Operations,71643.66,2022-10-05,48
948,John,Ward,Marketing,32104.25,2024-09-12,47
949,Matthew,Lewis,IT,59412.38,2020-02-11,35
950,Jacob,Reed,Finance,75920.14,2020-05-10,33
951,Lindsay,Jones,Operations,44721.8,2021-08-01,44
952,Shari,Morgan,Finance,31036.35,2022-05-28,30
953,Christopher,Roberts,IT,85941.13,2023-04-23,39
954,Carmen,Webb,Finance,69940.18,2024-09-08,46
955,Jonathan,Brewer,IT,53942.56,2021-06-04,40
956,Michelle,Martin,Operations,92597.05,2021-07-16,60
957,Eric,Perez,Operations,90045.2,2024-11-15,43
958,Laura,Bass,HR,37031.75,2020-04-29,47
959,Alexandria,Foster,HR,49420.84,2021-12-16,55
960,Jason,Noble,Operations,54151.84,2022-10-24,29
961,Stephen,Frey,Finance,57261.68,2023-07-07,32
962,Erica,Bautista,Finance,72656.93,2021-01-14,28
963,Roberto,Gutierrez,Finance,56078.16,2024-09-26,43
964,Carla,Barker,HR,76766.15,2020-10-20,45
965,Heather,Baldwin,Finance,57149.01,2024-01-03,44
966,Jeffrey,Flores,Finance,80654.57,2024-03-24,45
967,Adam,Bradshaw,HR,71955.56,2024-05-13,24
968,Sharon,Mejia,HR,96890.76,2020-08-11,47
969,Mary,Santos,Marketing,77416.12,2023-07-26,33
970,Travis,Richardson,Finance,41761.19,2023-10-22,52
971,Kimberly,Hill,Finance,38040.89,2020-11-10,55
972,Brian,Fields,Marketing,95908.28,2023-06-10,33
973,Jenna,Reeves,Finance,82632.42,2021-10-31,42
974,Angela,Higgins,Operations,45452.52,2020-08-09,23
975,Anna,Rogers,IT,98904.04,2021-04-03,58
976,Adam,Rush,Finance,70638.71,2023-06-26,47
977,Courtney,Andersen,Operations,30133.72,2023-10-29,33
978,Brenda,Joyce,IT,41966.82,2020-11-14,42
979,James,Brown,Finance,31054.69,2020-05-13,25
980,Jason,Bailey,IT,93593.58,2021-11-07,53
981,Timothy,English,Marketing,66114.78,2020-07-30,27
982,Adam,Lowe,IT,93174.12,2024-09-21,27
983,Rebecca,Crosby,Finance,52424.11,2023-11-16,38
984,Charles,Morris,Finance,66316.14,2024-04-11,38
985,Daniel,Kelley,Finance,76269.41,2023-11-19,22
986,Alex,Johnston,Finance,78005.06,2023-03-12,60
987,Michelle,Koch,Operations,57775.65,2023-01-04,33
988,Mason,Tran,Finance,73823.79,2022-10-13,46
989,Benjamin,Martinez,Operations,45594.95,2022-08-11,35
990,Frank,Miller,IT,73566.74,2020-11-19,51
991,Dillon,Maldonado,IT,31881.6,2020-07-17,56
992,Angela,Jones,HR,31208.08,2021-06-01,38
993,Richard,Bright,HR,39884.28,2021-07-07,36
994,Daniel,White,Finance,34859.95,2020-11-16,39
995,Mary,Wagner,Marketing,35956.07,2023-12-15,45
996,Brandi,Cowan,Finance,97102.57,2024-11-07,41
997,Michael,Gray,IT,40509.73,2023-03-11,37
998,Cassandra,Rodriguez,Finance,72886.03,2024-07-25,32
999,April,Howard,Operations,32177.63,2022-04-06,29
1000,Benjamin,Palmer,IT,87670.82,2020-04-03,38
